{"train_losses": [4.434224609275917, 3.4957891259874616, 2.8064342158181326, 2.3055058993302384, 1.9697870774702593, 1.7408889974866595, 1.5764332867287971, 1.4625583518635143, 1.3698933217432592, 1.3014164519000364, 1.2441231554204768, 1.1996839817468221, 1.1589293117647048, 1.1320170541862389, 1.0999426988812235, 1.074916613566411, 1.0577909339557994, 1.039220248723959, 1.022663157636469, 1.0047496258438409, 0.9935012315774893, 0.9808026008791738, 0.9707992454627892, 0.9592920117564016, 0.953958211471508, 0.9413533696880588, 0.9308801380070773, 0.9246000319332272, 0.9188648632594517, 0.9118969908008328, 0.9021520970703719, 0.8986693849811306, 0.8487953469350741, 0.8224831186331711, 0.81579624073846, 0.8106051827405955, 0.8030098901166545, 0.7822822690010071, 0.7727010257832416, 0.7680145054668576, 0.7661787805619178, 0.7633484965795047, 0.7596837147489771, 0.7490113629923238], "val_losses": [3.748127275583695, 2.924468692468137, 2.258324501465778, 1.7980853903050324, 1.5108081199684922, 1.3147735328090435, 1.199695613919472, 1.1114988022921037, 1.0499818945417598, 1.018297791481018, 0.9946497824727273, 0.9630560534340995, 0.9537593308760195, 0.9418162362916129, 0.92662648522124, 0.9202836472160962, 0.9174937630186275, 0.918081389397991, 0.9128557857202024, 0.9043056794575283, 0.9061783114258124, 0.9015845644230746, 0.8969193769960987, 0.8989195604713596, 0.9005251393026236, 0.8960545026526159, 0.8915799211482612, 0.8863204887935093, 0.890189200031514, 0.8929361044144144, 0.8881054021874253, 0.8899243960575182, 0.872811096055167, 0.8760178770337786, 0.8765308212260811, 0.8743228985338795, 0.8774456138513527, 0.87245596671591, 0.8708102192197528, 0.8729771935209936, 0.8731995200624272, 0.8740548795583297, 0.8756286562705526, 0.8751356309773971], "perplexities": [42.441526247844195, 18.624328174888863, 9.567046158683526, 6.038075831841272, 4.530390414367985, 3.7239075468677396, 3.3191064791498244, 3.038909707659657, 2.857599379448558, 2.7684782236187133, 2.703777265259686, 2.6196901657535987, 2.5954484917517133, 2.564635174368117, 2.525973379366242, 2.5100022441227363, 2.5030093876917876, 2.5044806542709797, 2.4914273663116138, 2.4702162056415506, 2.474846345397609, 2.4635036002137416, 2.4520376603662823, 2.4569470938223223, 2.460895084622805, 2.449917872711691, 2.4389800049513726, 2.4261860286191106, 2.4355904214841324, 2.442289952761172, 2.430520427670433, 2.434945552847154, 2.3936301290483253, 2.401318297163222, 2.4025503553991654, 2.397251561766275, 2.4047491963345236, 2.3927802316828477, 2.388845558235272, 2.394027737966889, 2.3945600530456597, 2.396609138953153, 2.4003838360904743, 2.3992006778334396], "best_epoch": 38, "best_val_loss": 0.8708102192197528, "training_time": 168.44365572929382}