{"train_losses": [5.036416560334045, 4.18484180438054, 3.5282213811750536, 2.9072788133249654, 2.3782114951641526, 1.9891096421650478, 1.7072731612564682, 1.5081740103758774, 1.363363328227749, 1.2590982090343128, 1.1751261748276747, 1.1163388232132057, 1.0664509688104902, 1.0276350049229412, 0.9965501217098979, 0.969790449544981, 0.944452306357297, 0.9270167355413561, 0.9110827616282872, 0.8941032660471928, 0.882831266328886, 0.8688688502683268, 0.8598931998401493, 0.8513849925685238, 0.8421806070711706, 0.8337353963356513, 0.8301904893540717, 0.821633259661786, 0.8148062588332535, 0.8117454528808594, 0.8044948232638371, 0.7996156647607877, 0.7538641361447124, 0.7422908632786243, 0.7389337909686101, 0.7385842555529112, 0.7380411228576264, 0.7370044211288551, 0.7357719060662505, 0.7134716619144786, 0.7086791163915164, 0.7068829556564232, 0.7049959969210934, 0.7037769741826243, 0.7036469126676584, 0.7040523193099282, 0.7023659647285164, 0.7017617165268242, 0.6897928101675851, 0.6870013605464589, 0.6874165895697358, 0.6887585528485187, 0.6866544469610437, 0.6800655016651401], "val_losses": [4.522033078329904, 3.8174980659874116, 3.2022809641701833, 2.656302904596134, 2.2015814635218405, 1.8670749566992935, 1.6361624610667327, 1.4689159125697857, 1.35221444344034, 1.2615365933398812, 1.1984921815444012, 1.1581244298389979, 1.1228776343014775, 1.096424434866224, 1.0698590959821428, 1.0610864904462074, 1.0416706605833403, 1.03960171281075, 1.018449812519307, 1.0065598414868724, 0.9971490891612306, 0.9977273636934708, 0.9912126879302823, 0.9880796074867249, 0.9802793361702744, 0.9860481303565356, 0.9726158550807408, 0.9690584090291238, 0.9822286294431103, 0.9736886243430936, 0.9742259541336371, 0.9702252100925056, 0.9475293609560752, 0.94850854119476, 0.9471172374121997, 0.9519539244320928, 0.9495209662281737, 0.9474667699969544, 0.9493607562415454, 0.9451964996298965, 0.9458292941657864, 0.9451751052116861, 0.946072125921444, 0.9450572400676961, 0.9462986758777073, 0.947493700348601, 0.946495767758817, 0.9489702971614137, 0.9448810621183745, 0.9451947443339289, 0.9466215311264505, 0.9451372891056294, 0.948080444822506, 0.9463527981115847], "perplexities": [92.02249686798389, 45.49025221570533, 24.588551886937395, 14.243531938178997, 9.039297520919996, 6.469345580864952, 5.1354242593441155, 4.344522744701617, 3.8659770462892826, 3.530842790645704, 3.3151145614397874, 3.1839559396571038, 3.0736864347487107, 2.9934436134172886, 2.9149687402314, 2.8895087080140653, 2.8339476262222427, 2.8280903978324914, 2.7688991225446835, 2.7361719403663494, 2.710543285520805, 2.71211117696351, 2.6945000795924807, 2.686071205153732, 2.6652006248936044, 2.6806200517518337, 2.6448539729740443, 2.635461763694888, 2.6704009493745726, 2.6476928134578155, 2.6491158799764722, 2.638538617972616, 2.5793291892400934, 2.5818560543375497, 2.578266405967849, 2.5907668796977497, 2.5844713136932644, 2.5791677516045715, 2.5840572887450075, 2.5733189851391347, 2.574947882656402, 2.573263931065505, 2.575573237696432, 2.572960650815182, 2.576156799801274, 2.579237210434349, 2.5766645894299436, 2.5830485170678834, 2.572507391812329, 2.573314468206661, 2.576988659823637, 2.573166622083711, 2.580751007677115, 2.5762962309352258], "best_epoch": 48, "best_val_loss": 0.9448810621183745, "training_time": 269.60858368873596}