{"train_losses": [4.638836316319255, 4.004528486573851, 3.5787654827167463, 3.1648408834036292, 2.7929794472533387, 2.486384675409887, 2.2274282591683523, 2.0199062415531706, 1.8525116273335047, 1.7111532852247164, 1.5935488171391672, 1.4987338883536203, 1.415725127133456, 1.3477487040804579, 1.2860507454190935, 1.2349658325121, 1.1940901387821545, 1.1527551276343209, 1.1189124378291044, 1.0921607169238003, 1.0657576331844578, 1.041811864716666, 1.0198894872293844, 1.0038533048196272, 0.9902704180061043, 0.9715240699904305, 0.9579392337179803, 0.9448423148749711, 0.9335111376527068, 0.9214575646759627, 0.9116492050034659, 0.9032997391440651, 0.8959237648295117, 0.887072017905, 0.8808598516823409, 0.8772635588398228, 0.8669674298980019, 0.8637577273628928, 0.8591256064253968, 0.8524070648403911, 0.8479449731963021, 0.842958350615068, 0.8410394925575752, 0.8348049697937904, 0.7938383511134557, 0.7797861645748089, 0.774956176188085, 0.7708940524559517, 0.7729216530725553, 0.7507898361651928, 0.7457160415587487, 0.7440532859269675, 0.7399031001252013, 0.7398277679047027, 0.7384879842981116, 0.7326187963609572], "val_losses": [4.167454573572899, 3.716502403726383, 3.2745996786623586, 2.850815150202537, 2.4729347083033346, 2.158255387325676, 1.9112145170873525, 1.7188873364000905, 1.5595499544727558, 1.4413656750503852, 1.3390107349473603, 1.2612671438528567, 1.2025518101088855, 1.1463559768637832, 1.10725487251671, 1.0688301032903242, 1.0458465267200858, 1.0204450901673765, 1.0018214887502241, 0.9862749759031801, 0.9770315849051183, 0.9635510833895936, 0.9524907408928385, 0.9410135271597881, 0.9371230736070749, 0.9337148885337674, 0.9296592571297471, 0.9201637591634478, 0.9162951865974738, 0.9137261315267913, 0.9143098300817062, 0.9112708592901424, 0.9083663675249839, 0.9124816692605311, 0.9107466534692414, 0.9036588802629587, 0.9025894403457642, 0.901361595611183, 0.9047262242862156, 0.8977796155579236, 0.8982718416622707, 0.900670991868389, 0.9018859121264243, 0.9007618111007067, 0.886219817764905, 0.8875078376458616, 0.8873539688635845, 0.8888598802138348, 0.888114760116655, 0.8859067595734889, 0.885063538745958, 0.8858009297020581, 0.8878845608964259, 0.8872880242308792, 0.887667640131347, 0.8863140904173559], "perplexities": [64.55093315963495, 41.12032002091324, 26.43264181174243, 17.30187972460227, 11.857193244914226, 8.656023070188484, 6.7612955228641995, 5.578318218329202, 4.756680040777388, 4.226463853704519, 3.815267327220464, 3.529891535030424, 3.3286000497239465, 3.1467053248825065, 3.0260401164034656, 2.9119708013939243, 2.845806555565771, 2.774429360418948, 2.723237660355332, 2.6812282074489175, 2.65655875710685, 2.620987311896369, 2.592158019364655, 2.5625773443238318, 2.5526271241754017, 2.5439421069929247, 2.533645708804766, 2.509701342879138, 2.5000111368331024, 2.493596713576511, 2.495052647246619, 2.4874817648001737, 2.4802673766355947, 2.490495456658041, 2.4861781540896937, 2.46861898838443, 2.4659803598767174, 2.4629543769750133, 2.4712552607618883, 2.4541479052436523, 2.4553561982588277, 2.461254038661524, 2.4642460832330175, 2.461477578014537, 2.425941794269892, 2.4290684687081123, 2.428694739654119, 2.432354893871048, 2.430543172415008, 2.4251824521846284, 2.423138349766367, 2.424925809018014, 2.4299837276663276, 2.428534585552269, 2.429456670903838, 2.4261705050179443], "best_epoch": 50, "best_val_loss": 0.885063538745958, "training_time": 239.6543891429901}