{"train_losses": [5.098687531112076, 4.504979443240475, 4.029429119283503, 3.592901358666358, 3.1658027549842735, 2.7615523307354417, 2.4045101171964176, 2.104612922049188, 1.8633860656193324, 1.6659962245396205, 1.514662632694492, 1.3965441880288063, 1.3006707730231346, 1.2270535351394058, 1.1643388779132398, 1.11635414516771, 1.075220203244841, 1.0430745759567657, 1.0095815957366645, 0.9875707030296326, 0.9647987514347225, 0.9450564873682988, 0.9288710687067602, 0.9144536595839958, 0.901464455468314, 0.8882163445670883, 0.8790487987654549, 0.8697080178694292, 0.8639427688214686, 0.8539335187379415, 0.8470326377199842, 0.8401239066929013, 0.835405104655724, 0.82884754824948, 0.8223182924382099, 0.8198132107784222, 0.8159800074317238, 0.8105108440696419, 0.8048165627888271, 0.803473328150712, 0.802026126446662, 0.796294709614345, 0.7956532051036884, 0.7905707955360413, 0.7883129256112235, 0.7859155840687938, 0.7845221747051586, 0.7811388698491183, 0.7794513021196637, 0.7767410349536251, 0.7758833070854088, 0.7733335566211056, 0.7710660652680831, 0.7691165987547341, 0.7679983490473264, 0.7666824257218993, 0.7662627361037514, 0.7612389866407816, 0.7607348592250378, 0.7595282568560018, 0.7604454356354552, 0.7579772193710526, 0.7117510801785952, 0.7017182938464276, 0.7030694127082825, 0.7026935565007197, 0.703609012938165, 0.7046983215715978, 0.6829302264498426], "val_losses": [4.772190833578304, 4.226510213345898, 3.800378658333603, 3.3962259243945687, 3.003332702481017, 2.646964890616281, 2.3244028967254016, 2.0639919626469516, 1.850191272034937, 1.684944250145737, 1.550730359797575, 1.4514220101492745, 1.365473460177986, 1.2992244180367918, 1.2623554468154907, 1.220071546885432, 1.1926273277827673, 1.1573617920583608, 1.136701841743625, 1.1172156467729686, 1.1038599573836034, 1.0907630044586805, 1.0788424039373592, 1.0663347961951275, 1.0679927638598852, 1.0558867551842515, 1.0422015323930858, 1.0424756079303974, 1.0341381649581753, 1.0272997252795162, 1.0238957344269266, 1.0241034882409232, 1.0175504416835552, 1.0160484326129058, 1.01220476748992, 1.0052852411659396, 1.0004892629020068, 0.9992897620006483, 0.9953037622023602, 0.9930793801132514, 0.9971420071562942, 0.9988437185482103, 0.996621371531973, 0.991460526476101, 0.991334893265549, 0.9890066421761805, 0.9891677802922775, 0.9895194294501324, 0.9904732156773003, 0.9882290120027504, 0.9842487354667819, 0.9828423565747787, 0.9859761194306977, 0.9873900243214199, 0.9764965273896042, 0.9795416788179048, 0.9766250751456436, 0.97189356356251, 0.9776176335860272, 0.9783655429372982, 0.9752269642693656, 0.9733992194642827, 0.9545209164522133, 0.953218970979963, 0.9564696355741851, 0.9648288038312173, 0.960796311193583, 0.9625430265251471, 0.9574417654348879], "perplexities": [118.17786659380702, 68.47784164798408, 44.71811417441127, 29.851226399188196, 20.1525877100254, 14.111144716676286, 10.220575524331695, 7.877353227768893, 6.36103609456814, 5.392150312375747, 4.7149125079145735, 4.269181019570058, 3.9175774298782637, 3.666451930612134, 3.5337352176119725, 3.387430085023689, 3.295728802222154, 3.1815286602507724, 3.1164727758610327, 3.056332435912439, 3.015784385537016, 2.9765443229372073, 2.9412727738278615, 2.9047135982330854, 2.9095335139824625, 2.8745230222588907, 2.835452488536447, 2.8362297232064035, 2.812681123597113, 2.7935123902124808, 2.784019465670085, 2.784597916417913, 2.766409974927897, 2.7622579210443146, 2.7516611049649273, 2.7326866363896687, 2.7196121083166647, 2.7163518868515877, 2.705546059099225, 2.699534579296778, 2.71052408950785, 2.715140546053339, 2.709113261401826, 2.6951679633341645, 2.6948293819989293, 2.688562440891819, 2.6889957056853526, 2.689941455036968, 2.6925083080686143, 2.6864725463024914, 2.6758008948128222, 2.672040349910473, 2.6804270247701965, 2.6842195741699997, 2.6551377255791566, 2.6632353449978092, 2.655479059514141, 2.6429443071331495, 2.658116086152954, 2.6601048596489942, 2.6517689995012756, 2.646926669108312, 2.5974259007743035, 2.594046394327216, 2.6024924893707206, 2.6243383413455303, 2.613777024832392, 2.6183465388932863, 2.6050236801556266], "best_epoch": 63, "best_val_loss": 0.953218970979963, "training_time": 415.831661939621}