{"train_losses": [5.166099130952513, 4.344476091087639, 3.5904460820284756, 3.007980201770733, 2.511253039248578, 2.1227167504174367, 1.8341494170102206, 1.641538259580538, 1.5001703240654685, 1.4044590432922561, 1.3339354307620557, 1.2857670260714247, 1.2412487729803308, 1.2079037745277603, 1.1835559863548775, 1.1639708834809142, 1.1434936267989022, 1.132407223404228, 1.1160115869014293, 1.1046391798304274, 1.0961750722550727, 1.0872225021387076, 1.078069935680984, 1.0703397159452561, 1.064931587584607, 1.0586297668419875, 1.0502311280795507, 1.046790667323323, 1.0385749324575646, 1.0347998574182584, 1.029897682697742, 1.0278142148798162, 1.0243694938622512, 1.0226137594743208, 1.016365261356552, 1.0148191120717434, 1.0111070849678734, 1.0089406897495319, 1.0042246683851466, 0.9986943783698143, 0.9949087334917738, 0.9932387395338579, 0.9893594653575452, 0.9938813756038616, 0.9884896382108911, 0.9879684293424928, 0.8799264879969807, 0.8562330792476605, 0.85394383529564, 0.853884321683413, 0.8524177164226383, 0.8513870579855782, 0.8510042871747698, 0.8065577298015744, 0.797627466065543, 0.7972558560309472, 0.7960905603000096, 0.7921467524070245, 0.7924238136836461, 0.7924055235726493, 0.7918061024182803, 0.7922021858103864, 0.7904093279467, 0.7687138750955655, 0.7626506856509617, 0.7649698875167154, 0.763424551486969, 0.7611961069045129, 0.7624249890253141, 0.7599853662701396, 0.7490909257492462, 0.747910378970109, 0.7484813761401486, 0.746815072406422, 0.7476256373640778, 0.745682515107192, 0.7450405822171793, 0.7376110679143435], "val_losses": [4.883647762999242, 3.874997533097559, 3.319770574569702, 2.8064873656448053, 2.3757836380783393, 2.038941030599633, 1.7799314065855376, 1.605226207752617, 1.4986900723710352, 1.398962884533162, 1.3539056145415014, 1.3183321490579722, 1.2613044466291154, 1.247330329856094, 1.234907631971398, 1.1991369699945256, 1.1910774148240382, 1.1780192000525338, 1.1837421971924451, 1.1598575066547006, 1.164323893128609, 1.1577824792083429, 1.1455123278559471, 1.1407116846162446, 1.143625417534186, 1.1256305538878149, 1.1272273355600786, 1.1195754968390172, 1.1338793805667333, 1.116106088064155, 1.1251656315764602, 1.1098103936837644, 1.119173444047266, 1.1185368761724355, 1.1081060742845341, 1.1134217223342584, 1.112081640837144, 1.1079860244478499, 1.103407364718768, 1.0995128556173674, 1.0922872837708921, 1.0920710162240632, 1.0996359829999962, 1.0931379795074463, 1.105875517640795, 1.103485455318373, 1.030169079498369, 1.0274702638995892, 1.0246193457622916, 1.0274298264055837, 1.0274886817348248, 1.0256181432276357, 1.0309616619226885, 1.0103560515812464, 1.0046150696520904, 1.0087101763608504, 1.0037330826934503, 1.0055208656252648, 1.0029119691070245, 1.008266927028189, 1.0074187480673498, 1.007813040091067, 1.0068272315725988, 0.9946429997074361, 0.9967021735347047, 0.9942488609528055, 0.9963707267021646, 0.9971427309269808, 0.9958653352698501, 0.9966580271720886, 0.9924930869316568, 0.9925780223340405, 0.9899576865896886, 0.9923120189686211, 0.9951335836429985, 0.9924094397194532, 0.9928314503358335, 0.9906911740497667], "perplexities": [132.1116981672515, 48.1825794292294, 27.6540052985975, 16.551676001107392, 10.759441391289656, 7.682469389732286, 5.929449683441959, 4.978985760541274, 4.475822225410448, 4.050996436387945, 3.8725206065281266, 3.737183112084712, 3.5300232122405206, 3.4810373200943183, 3.4380609391269976, 3.3172527983009776, 3.290624665948386, 3.247934318806189, 3.266575528539201, 3.189478764235617, 3.2037560692937594, 3.1828673700447, 3.1440517295661348, 3.1289944301643615, 3.1381247794756577, 3.082159704100501, 3.0870851716285928, 3.0635534391045414, 3.107689054130249, 3.0529431363023116, 3.0807270723439455, 3.0337831154583554, 3.0623219764647547, 3.0603732209955194, 3.0286169836614496, 3.0447589100146892, 3.040681417632455, 3.028253420510467, 3.0144197724756223, 3.00270291774429, 2.9810848675204933, 2.980440225319412, 3.0030726554573146, 2.9836219426941124, 3.021869010593095, 3.0146551795145347, 2.8015394775458273, 2.793988832585422, 2.7860347427640595, 2.7938758529630747, 2.7940402922852776, 2.7888188173353567, 2.8037608086744887, 2.746578764654108, 2.7308558811781998, 2.7420619567951965, 2.7284483637606254, 2.73333060006469, 2.7262089172850685, 2.7408468089893527, 2.7385230660053494, 2.739603056708909, 2.736903663439434, 2.703758926235291, 2.709332172023063, 2.702693480039894, 2.7084343212594626, 2.710526051306441, 2.707065847595072, 2.7092125675026213, 2.6979523244573933, 2.698181485855503, 2.691120599449982, 2.6974638559499695, 2.7050856723436896, 2.6977266577051227, 2.6988653672516256, 2.6930952267568906], "best_epoch": 72, "best_val_loss": 0.9899576865896886, "training_time": 243.971577167511}