{"train_losses": [4.416881541462688, 3.6620734697812565, 3.2401848415275674, 2.9472491957924585, 2.728975959257646, 2.567129269513217, 2.4374689009282497, 2.335168002487777, 2.24243627523447, 2.1719135222496924, 2.103824828507064, 2.046131482372036, 1.9942246220328592, 1.9504896222770989, 1.9132288706767095, 1.8757062980106898, 1.8449215758930553, 1.8152681694402324, 1.786604279666752, 1.764481071373085, 1.742613485571626, 1.7237375767200025, 1.7030837250994397, 1.6859711708960594, 1.6693760103993602, 1.6539081421765414, 1.640748170134309, 1.6272226262402225, 1.6122114893677946, 1.5957237745260264, 1.5905400291665808, 1.5809716565268381, 1.569666060224756, 1.5611275759610264, 1.5520304292827458, 1.5437847970368026, 1.5341307448102282, 1.524739722152809, 1.5205085039138795, 1.5138565837562858, 1.5058416954882734, 1.5010030981782194, 1.495979552764397, 1.4891153756674234, 1.4817044465572804, 1.4761415973886267, 1.4722183654834697, 1.4658244513846064, 1.4617549818831606, 1.458350802396799, 1.450305308924093, 1.4471431911765755, 1.43959785777253, 1.439210370918373, 1.4316676607379666, 1.4330397900048788, 1.429741408917811, 1.4241568667548044, 1.4209732792594216, 1.419298232685436, 1.3259463143039059, 1.2856303663996906, 1.2680108822785414, 1.2557464416925008, 1.251888838371673, 1.2421105010168894, 1.2362593768478989, 1.231877891429059, 1.2266807642850008, 1.2190880849763945, 1.216176937152813, 1.2127095714792029, 1.2083791689439254, 1.2007560215987167, 1.201288420039338, 1.1994890002461223, 1.1916386220362278, 1.1912026792377621, 1.1863152623176574, 1.1863012063038814, 1.1808466815329217, 1.181798697446848, 1.1783713278832373, 1.176989442032653, 1.1703928925774314, 1.1706321357132552, 1.168449921731825, 1.1627638250202328, 1.1635757093305712, 1.1569692258710984, 1.1545604518481662, 1.1172653966135793, 1.101615966759719, 1.0935264308731276, 1.0933789821414204, 1.087438312598637, 1.0846238817487444, 1.0791798867188491, 1.0749702538762773, 1.0745297848404227], "val_losses": [3.804388527967492, 3.244738452288569, 2.8411512131593666, 2.5574259757995605, 2.344174219637501, 2.177475233467258, 2.0536472602766387, 1.9361794700427932, 1.853435071147218, 1.7690607139042445, 1.7258169359090376, 1.6535480460342096, 1.6175622526480227, 1.5723027428802179, 1.531839623743174, 1.4978274155636222, 1.4826766228189274, 1.4362330850289793, 1.418130908693586, 1.396945444905028, 1.3789190151253525, 1.3568743929571034, 1.339242859762542, 1.3256392868197695, 1.312174651087547, 1.3119592180057449, 1.2929723262786865, 1.2807626091704076, 1.2726607906575105, 1.266835237035946, 1.2583195019741447, 1.2535194499152047, 1.2560928330129506, 1.2421685238273776, 1.2348109556704152, 1.2297255506320877, 1.2245171508010553, 1.2159567317184137, 1.2013726161450755, 1.201142513022131, 1.1942226156896474, 1.1922049935983152, 1.1931123563221522, 1.1848298335561946, 1.1927336989616861, 1.1829587026518218, 1.1807263481373689, 1.17052246356497, 1.1689177727212712, 1.1669248342514038, 1.168309321208876, 1.1582208628557167, 1.1547304902757918, 1.1596213846790546, 1.1507252016846015, 1.146520964953364, 1.1519158859642185, 1.146510596178016, 1.148272998478948, 1.1469541593473784, 1.0876303205684739, 1.0727271097046989, 1.0693758312536745, 1.058666939638099, 1.054282224908167, 1.05548146306252, 1.0523494360398273, 1.0486532972783458, 1.0441025994261917, 1.043034164273009, 1.042598159945741, 1.0385170956047214, 1.034171185931381, 1.0380551766376107, 1.0365408464353911, 1.0393247434071131, 1.0285970592985347, 1.032156568400714, 1.0318574102557436, 1.0314327283781402, 1.0256811854790668, 1.0226330282736797, 1.0223566086924807, 1.0223725608416967, 1.02896278731677, 1.0252077664647783, 1.016947090625763, 1.0206961072221095, 1.0196306948759117, 1.020257143341765, 1.0199725749541302, 0.9987365530461682, 0.993095009910817, 0.9952623053472869, 0.9907781530399712, 0.9909933185090825, 0.9881212407228898, 0.9894104356668434, 0.9880142297063556, 0.9858305527239429], "perplexities": [44.897787976035914, 25.65499917633703, 17.13548077770969, 12.902563025754548, 10.424660692128162, 8.823999572177692, 7.796284392596899, 6.9322155760011475, 6.381703520171015, 5.865341539444127, 5.6171079730267985, 5.225487244474903, 5.040787161110415, 4.817729422394627, 4.6266803492791775, 4.471962791821597, 4.40471968983169, 4.204826722265379, 4.1293950064226035, 4.042832034007333, 3.970607140513136, 3.884034344530695, 3.816153048238601, 3.7645912394540644, 3.7142421167067052, 3.713442032266367, 3.643600445940846, 3.599383602126385, 3.5703398618477817, 3.549601121508306, 3.5195019987531095, 3.502648686684248, 3.511673951363024, 3.463115175779033, 3.4377285761789182, 3.420290710841874, 3.402522780690147, 3.3735200745203917, 3.3246772979345387, 3.3239123673153386, 3.300990634477456, 3.29433719716817, 3.2973277124765117, 3.270130307672072, 3.2960793914262063, 3.2640171868003223, 3.2567388702121307, 3.223676452116055, 3.218507596347224, 3.212099696139231, 3.2165498861788246, 3.1842629929382635, 3.1731681026147323, 3.1887257471139687, 3.1604840671833947, 3.1472245366132308, 3.1642494471226628, 3.1471919039182215, 3.1527434127301692, 3.1485881919818017, 2.9672343407177006, 2.923340910590169, 2.9135603789877256, 2.882525845985889, 2.869914461316889, 2.8733582367793664, 2.8643728796717554, 2.8538053016918505, 2.8408480007765915, 2.837814359820621, 2.8365773301744923, 2.8250246652005218, 2.8127740025986, 2.8237200340652406, 2.8194472255730494, 2.8273072117858655, 2.797138860732005, 2.807113043032022, 2.806273397900949, 2.8050818774717343, 2.7889946362943885, 2.78050628568381, 2.7797378055171755, 2.779782148663114, 2.7981620398755047, 2.7876745856959992, 2.7647413619735515, 2.775125876920668, 2.7721707980174446, 2.7739079642266886, 2.773118710013587, 2.7148495922439904, 2.6995767728055107, 2.7054338979932986, 2.693329479647631, 2.693909053498494, 2.686183037318523, 2.6896482841181517, 2.6858956015207758, 2.680036872232803], "best_epoch": 99, "best_val_loss": 0.9858305527239429, "training_time": 308.6296908855438}